iter	Logloss
0	0.6523741861
1	0.6199881089
2	0.5943755087
3	0.5747957809
4	0.5579780539
